{
    "ppO2": [
        21.666555555555554
    ],
    "ppCO2": [
        0.391273804713805
    ],
    "water": [
        93.99986111111127
    ],
    "temperature": [],
    "OGS": [
        false
    ],
    "CDRS": [
        true
    ],
    "WRS": [
        true
    ],
    "TCS": [
        true
    ]
}