{
    "ppO2": [
        21.66764444444444
    ],
    "ppCO2": [
        0.393019043771044
    ],
    "water": [
        93.99988888888902
    ],
    "temperature": [],
    "OGS": [
        false
    ],
    "CDRS": [
        true
    ],
    "WRS": [
        true
    ],
    "TCS": [
        true
    ]
}