{
    "ppO2": [
        21.446911111111106
    ],
    "ppCO2": [
        0.398254760942761
    ],
    "water": [
        95.99997222222225
    ],
    "temperature": [],
    "OGS": [
        true
    ],
    "CDRS": [
        true
    ],
    "WRS": [
        true
    ],
    "TCS": [
        true
    ]
}