{
    "ppO2": [
        21.668188888888885
    ],
    "ppCO2": [
        0.3938916632996635
    ],
    "water": [
        93.99990277777789
    ],
    "temperature": [],
    "OGS": [
        false
    ],
    "CDRS": [
        true
    ],
    "WRS": [
        true
    ],
    "TCS": [
        true
    ]
}