{
    "ppO2": [
        21.66737222222222
    ],
    "ppCO2": [
        0.39258273400673427
    ],
    "water": [
        93.99988194444458
    ],
    "temperature": [],
    "OGS": [
        false
    ],
    "CDRS": [
        true
    ],
    "WRS": [
        true
    ],
    "TCS": [
        true
    ]
}