{
    "ppO2": [
        21.558638888888883
    ],
    "ppCO2": [
        0.39781845117845127
    ],
    "water": [
        94.99996527777782
    ],
    "temperature": [],
    "OGS": [
        true
    ],
    "CDRS": [
        true
    ],
    "WRS": [
        true
    ],
    "TCS": [
        true
    ]
}