{
    "ppO2": [
        21.670094444444437
    ],
    "ppCO2": [
        0.39694583164983177
    ],
    "water": [
        93.99995138888895
    ],
    "temperature": [],
    "OGS": [
        false
    ],
    "CDRS": [
        true
    ],
    "WRS": [
        true
    ],
    "TCS": [
        true
    ]
}