{
    "ppO2": [
        21.669277777777772
    ],
    "ppCO2": [
        0.3956369023569025
    ],
    "water": [
        93.99993055555564
    ],
    "temperature": [],
    "OGS": [
        false
    ],
    "CDRS": [
        true
    ],
    "WRS": [
        true
    ],
    "TCS": [
        true
    ]
}