{
    "ppO2": [
        21.666827777777776
    ],
    "ppCO2": [
        0.39171011447811477
    ],
    "water": [
        93.99986805555571
    ],
    "temperature": [],
    "OGS": [
        false
    ],
    "CDRS": [
        true
    ],
    "WRS": [
        true
    ],
    "TCS": [
        true
    ]
}