{
    "ppO2": [
        21.669822222222216
    ],
    "ppCO2": [
        0.396509521885522
    ],
    "water": [
        93.99994444444451
    ],
    "temperature": [],
    "OGS": [
        false
    ],
    "CDRS": [
        true
    ],
    "WRS": [
        true
    ],
    "TCS": [
        true
    ]
}