{
    "ppO2": [
        21.111727777777777
    ],
    "ppCO2": [
        0.39956369023569027
    ],
    "water": [
        98.99999305555556
    ],
    "temperature": [],
    "OGS": [
        true
    ],
    "CDRS": [
        true
    ],
    "WRS": [
        true
    ],
    "TCS": [
        true
    ]
}