{
    "ppO2": [
        21.67036666666666
    ],
    "ppCO2": [
        0.3973821414141415
    ],
    "water": [
        93.99995833333338
    ],
    "temperature": [],
    "OGS": [
        true
    ],
    "CDRS": [
        true
    ],
    "WRS": [
        true
    ],
    "TCS": [
        true
    ]
}