{
    "ppO2": [
        21.33518333333333
    ],
    "ppCO2": [
        0.39869107070707077
    ],
    "water": [
        96.99997916666669
    ],
    "temperature": [],
    "OGS": [
        true
    ],
    "CDRS": [
        true
    ],
    "WRS": [
        true
    ],
    "TCS": [
        true
    ]
}