{
    "ppO2": [
        21.223455555555553
    ],
    "ppCO2": [
        0.3991273804713805
    ],
    "water": [
        97.99998611111113
    ],
    "temperature": [],
    "OGS": [
        true
    ],
    "CDRS": [
        true
    ],
    "WRS": [
        true
    ],
    "TCS": [
        true
    ]
}