{
    "ppO2": [
        21.668461111111107
    ],
    "ppCO2": [
        0.39432797306397327
    ],
    "water": [
        93.99990972222233
    ],
    "temperature": [],
    "OGS": [
        false
    ],
    "CDRS": [
        true
    ],
    "WRS": [
        true
    ],
    "TCS": [
        true
    ]
}