{
    "ppO2": [
        21.669549999999994
    ],
    "ppCO2": [
        0.39607321212121227
    ],
    "water": [
        93.99993750000007
    ],
    "temperature": [],
    "OGS": [
        false
    ],
    "CDRS": [
        true
    ],
    "WRS": [
        true
    ],
    "TCS": [
        true
    ]
}