{
    "ppO2": [
        21.66900555555555
    ],
    "ppCO2": [
        0.39520059259259277
    ],
    "water": [
        93.9999236111112
    ],
    "temperature": [],
    "OGS": [
        false
    ],
    "CDRS": [
        true
    ],
    "WRS": [
        true
    ],
    "TCS": [
        true
    ]
}