{
    "ppO2": [
        21.666283333333332
    ],
    "ppCO2": [
        0.39083749494949527
    ],
    "water": [
        93.99985416666684
    ],
    "temperature": [],
    "OGS": [
        false
    ],
    "CDRS": [
        true
    ],
    "WRS": [
        true
    ],
    "TCS": [
        true
    ]
}