{
    "ppO2": [
        21.66601111111111
    ],
    "ppCO2": [
        0.3904011851851855
    ],
    "water": [
        93.9998472222224
    ],
    "temperature": [],
    "OGS": [
        false
    ],
    "CDRS": [
        true
    ],
    "WRS": [
        true
    ],
    "TCS": [
        true
    ]
}