{
    "ppO2": [
        21.667099999999998
    ],
    "ppCO2": [
        0.3921464242424245
    ],
    "water": [
        93.99987500000015
    ],
    "temperature": [],
    "OGS": [
        false
    ],
    "CDRS": [
        true
    ],
    "WRS": [
        true
    ],
    "TCS": [
        true
    ]
}