{
    "ppO2": [
        21.667916666666663
    ],
    "ppCO2": [
        0.39345535353535377
    ],
    "water": [
        93.99989583333345
    ],
    "temperature": [],
    "OGS": [
        false
    ],
    "CDRS": [
        true
    ],
    "WRS": [
        true
    ],
    "TCS": [
        true
    ]
}