{
    "ppO2": [
        21.66873333333333
    ],
    "ppCO2": [
        0.394764282828283
    ],
    "water": [
        93.99991666666676
    ],
    "temperature": [],
    "OGS": [
        false
    ],
    "CDRS": [
        true
    ],
    "WRS": [
        true
    ],
    "TCS": [
        true
    ]
}